資料類別,標題,關鍵字,描述,代表圖片,頁面連結,Youtube 影片介紹
公司基本資料,公司基本資料,"磐鈺建設股份有限公司
","公司介紹｜Brand Introduction【品牌理念｜Brand Philosophy】
我們以「自然」作為建築語彙，將土地的脈動、風的方向、光的節奏，轉化為空間的核心設計語言。我們相信，建築不僅是一座物理存在的構造物，而是城市與人之間的媒介，是生活品質的延伸，更是對土地最真誠的回應。
在每一個作品中，我們始終以「讓居住更舒適、更美好」為首要目標。
從建材選擇、工法細節、空間配置、到自然採光、通風系統與生活動線，
所有決策都回到最重要的原點——使用者的真實需求。
讓人們在城市裡依然能感受到自然的輕鬆、光線的溫暖、綠意的療癒，這是我們對美好生活最堅定的承諾。
【品牌核心精神｜Core Values】
・以人為本：以生活需求為起點 、打造更貼近人心的空間。
・提升幸福：透過建築讓居民感受日常中的美好與舒適。
・重視自然：把自然的語彙融入建築 、使生命與環境相互滋養。
・細節至上：從工法到材質 、堅持頂級品質與精準設計。
【自然共生的建築哲學】
自然語彙建築：以自然為創作靈感，延伸土地語言。
自然的光、風、綠：引光、導風、擁抱綠意，創造可呼吸的居住環境。
空間與自然共存：融入自然元素、打造安定、療癒的生活場景。",https://pshop.myqr.com.tw/qrssimage/GoodsPublicImage/4/4685.jpg?46,https://www.goldenjade.com.tw,https://youtu.be/yddFy483ta8
客服資訊,客服服務資訊,公司電話，客服電話，公司地址,公司名稱：磐鈺建設 公司電話： 04 2254 5388 客服電話： 04 2322 8268 公司地址：408臺中市南屯區大墩十二街258號  公司官網：https://www.goldenjade.com.tw,https://pshop.myqr.com.tw/qrssimage/GoodsPublicImage/4/4685.jpg?46,https://www.goldenjade.com.tw,https://youtu.be/yddFy483ta8
宣傳資訊,聖誕節促銷方案,折扣區，特惠價，優惠卷,女用皮件優惠特價：經典魚兒吊飾實用後背包，前扣式日系簡約後背包，日系耐用前拉鍊後背包，多夾層素雅韓風後背包，手工菱格車線小香風格小方包，小巧可愛風格多拉鍊後背包,https://pshop.myqr.com.tw/qrssimage/GoodsPublicImage/4/4685.jpg?46,https://www.goldenjade.com.tw,https://youtu.be/yddFy483ta8