責任類型,維修項目類別,維修項目名稱,常見維修反應細項,專業檢查方法,處理建議 (SOP) 補充,頁面連結,Youtube 影片說明
住家,給/排水設備,水龍頭持續滴水,水龍頭或三角凡爾持續滴水。,觀察滴水點（出水口或軸心），確認墊圈或卡匣老化。,關閉進水開關，更換墊圈、止水帶或水龍頭軸心。,"https://www.sky-family.net/api/line/index.php?
corp=2019082302&key=4lReDDkl3%40iCNBB9",https://youtu.be/yddFy483ta8
住家,給/排水設備,水閥開關不順/水量小,水龍頭/三角凡爾開關扭力不順，或出水量變小。,檢查水閥內部是否有水垢或雜質堵塞。,更換水閥內部零件或整個三角凡爾。,"https://www.sky-family.net/api/line/index.php?
corp=2019082302&key=4lReDDkl3%40iCNBB9",https://youtu.be/yddFy483ta8
住家,給/排水設備,馬桶堵塞,馬桶嚴重堵塞或沖水無力。,觀察堵塞深度，確認是主幹管還是自家彎管問題。,使用專業馬桶吸盤或工具疏通，避免使用強酸強鹼。,"https://www.sky-family.net/api/line/index.php?
corp=2019082302&key=4lReDDkl3%40iCNBB9",https://youtu.be/yddFy483ta8
住家,給/排水設備,馬桶持續進水,馬桶水箱不斷進水或有微小滲水聲。,打開水箱，檢查浮球、進水閥、落水皮是否故障或密合不良。,更換水箱內的落水皮或進水閥組。,"https://www.sky-family.net/api/line/index.php?
corp=2019082302&key=4lReDDkl3%40iCNBB9",https://youtu.be/yddFy483ta8
住家,給/排水設備,馬桶底座滲水,馬桶底座周圍滲水（非外部凝結水）。,檢查底座油泥是否老化，確認是否為下方排污管破損。,重新安裝馬桶，底座施作止水與矽利康。若為管線破損，需破壞地坪維修。,"https://www.sky-family.net/api/line/index.php?
corp=2019082302&key=4lReDDkl3%40iCNBB9",https://youtu.be/yddFy483ta8
住家,給/排水設備,浴缸/淋浴間積水,浴缸或淋浴間洩水慢或積水。,檢查地排落水頭下方是否積存毛髮、皂垢。,清理落水頭內部雜物，使用疏通工具。,"https://www.sky-family.net/api/line/index.php?
corp=2019082302&key=4lReDDkl3%40iCNBB9",https://youtu.be/yddFy483ta8
住家,給/排水設備,室內沼氣/臭味,室內有不明臭味或沼氣味。,檢查排水管存水彎是否乾燥，管道間通風是否不良。,補充存水彎水分，若持續存在，請專業技師檢查管道間銜接處是否漏氣。,"https://www.sky-family.net/api/line/index.php?
corp=2019082302&key=4lReDDkl3%40iCNBB9",https://youtu.be/yddFy483ta8
住家,熱水器與瓦斯,熱水器點火故障,熱水器點不著火或忽冷忽熱。,檢查電池電力、點火針、水盤膜片、燃氣比例閥。,聯繫原廠或合格技師維修或更換零件。,"https://www.sky-family.net/api/line/index.php?
corp=2019082302&key=4lReDDkl3%40iCNBB9",https://youtu.be/yddFy483ta8
住家,熱水器與瓦斯,熱水器管線漏水,熱水器機體或其連接管線有漏水現象。,檢查水管接頭、熱水器水盤有無破裂。,請水電師傅處理管線接頭，熱水器本體漏水聯繫原廠。,"https://www.sky-family.net/api/line/index.php?
corp=2019082302&key=4lReDDkl3%40iCNBB9",https://youtu.be/yddFy483ta8
住家,熱水器與瓦斯,瓦斯洩漏或鏽蝕,瓦斯管線有異味或總開關處鏽蝕、異音。,肥皂水測漏、觀察管線與接頭狀態。,立即通報瓦斯公司處理，切勿自行拆卸。,"https://www.sky-family.net/api/line/index.php?
corp=2019082302&key=4lReDDkl3%40iCNBB9",https://youtu.be/yddFy483ta8
住家,電力與線路,專用迴路跳電,冷氣、廚房等專用迴路頻繁跳電。,檢查該迴路電流是否超過額定值，電錶測量線路絕緣阻抗。,避免同時使用高功率電器，請電工檢查線路。,"https://www.sky-family.net/api/line/index.php?
corp=2019082302&key=4lReDDkl3%40iCNBB9",https://youtu.be/yddFy483ta8
住家,電力與線路,插座發熱,插座有發熱或變色現象。,檢查插座內接線是否鬆脫或氧化。,立即停止使用，請電工更換合格插座並檢查線路負載。,"https://www.sky-family.net/api/line/index.php?
corp=2019082302&key=4lReDDkl3%40iCNBB9",https://youtu.be/yddFy483ta8
住家,電力與線路,嵌燈燒壞或閃爍,天花板嵌燈燒壞或有不規律閃爍。,檢查燈具驅動器 (Driver) 或燈座接頭是否老化。,更換合格的 LED 嵌燈或驅動器。,"https://www.sky-family.net/api/line/index.php?
corp=2019082302&key=4lReDDkl3%40iCNBB9",https://youtu.be/yddFy483ta8
住家,電力與線路,訊號不良,網路線/有線電視訊號不良或中斷。,測量弱電箱內訊號強度，檢查自家線路接頭是否鬆脫。,聯繫系統業者或自行更換線路接頭。,"https://www.sky-family.net/api/line/index.php?
corp=2019082302&key=4lReDDkl3%40iCNBB9",https://youtu.be/yddFy483ta8
住家,門窗與裝修,窗戶滲水或漏風,窗戶在下雨時漏水，或有明顯的風切聲（漏風）。,水柱測試窗框外部接縫處、檢查矽利康和氣密條。,重新施打中性耐候型矽利康，更換老化氣密條。,"https://www.sky-family.net/api/line/index.php?
corp=2019082302&key=4lReDDkl3%40iCNBB9",https://youtu.be/yddFy483ta8
住家,門窗與裝修,大門/窗戶鎖具故障,大門門鎖、電子鎖或窗戶鎖具無法順利開關。,檢查鎖體內部零件是否磨損，電子鎖檢查電源和線路。,聯繫專業鎖匠維修/更換鎖體。,"https://www.sky-family.net/api/line/index.php?
corp=2019082302&key=4lReDDkl3%40iCNBB9",https://youtu.be/yddFy483ta8
住家,門窗與裝修,牆面壁癌/反潮,牆面有壁癌、油漆起泡剝落、室內反潮嚴重。,測量牆體含水率、溫濕度，判斷是否為「結露」（反潮）或滲水。,反潮：加強除濕通風。壁癌：需刮除重作防水層與油漆。,"https://www.sky-family.net/api/line/index.php?
corp=2019082302&key=4lReDDkl3%40iCNBB9",https://youtu.be/yddFy483ta8
住家,門窗與裝修,地磚隆起/破損,室內小區域地磚隆起或破損。,敲擊測試（判斷空心），測量隆起高度。,局部撬開隆起地磚，重新鋪設或更換。,"https://www.sky-family.net/api/line/index.php?
corp=2019082302&key=4lReDDkl3%40iCNBB9",https://youtu.be/yddFy483ta8
住家,冷氣設備,冷氣不冷/效率差,冷氣開啟後冷房效率不佳或不冷。,檢查冷媒壓力、室外機散熱鰭片清潔度。,聯繫廠商充填冷媒，清洗室外機散熱鰭片。,"https://www.sky-family.net/api/line/index.php?
corp=2019082302&key=4lReDDkl3%40iCNBB9",https://youtu.be/yddFy483ta8
住家,冷氣設備,室內機滴水,室內機有水滴出。,檢查排水管是否堵塞、機體安裝是否傾斜。,使用氣槍或專業工具疏通排水管。,"https://www.sky-family.net/api/line/index.php?
corp=2019082302&key=4lReDDkl3%40iCNBB9",https://youtu.be/yddFy483ta8
住家,冷氣設備,室外機噪音/震動,室外機運轉時噪音或震動過大。,檢查底座避震墊是否老化、風扇葉片是否平衡。,更換老化避震墊，若為壓縮機異音需聯繫原廠。,"https://www.sky-family.net/api/line/index.php?
corp=2019082302&key=4lReDDkl3%40iCNBB9",https://youtu.be/yddFy483ta8
住家,環境與衛生,室內白蟻/蟲害,室內發現白蟻、蟑螂等害蟲孳生。,請專業除蟲公司檢查，判斷蟲害來源（自家或公共區）。,聯繫專業公司進行除蟲工程，若公共區域傳入則通知管委會。,"https://www.sky-family.net/api/line/index.php?
corp=2019082302&key=4lReDDkl3%40iCNBB9",https://youtu.be/yddFy483ta8
共用部分 ,建築物主體,屋頂/外牆滲漏,屋頂/頂樓平台或外牆大面積滲漏水。,熱顯像儀定位破損點，試水測試。,立即通知管委會立案，委託專業廠商進行防水工程規劃及施作。,"https://www.sky-family.net/api/line/index.php?
corp=2019082302&key=4lReDDkl3%40iCNBB9",https://youtu.be/yddFy483ta8
共用部分 ,建築物主體,外牆磁磚剝落,外牆磁磚剝落或有高風險空心磚。,目視檢查，用橡膠槌進行敲擊測試（空心聲）。,立即拉設警示線，預防性敲除空心磁磚，進行修復。,"https://www.sky-family.net/api/line/index.php?
corp=2019082302&key=4lReDDkl3%40iCNBB9",https://youtu.be/yddFy483ta8
共用部分 ,建築物主體,地下室樑柱爆筋,地下室樑柱水泥剝落、鋼筋外露（爆筋）。,混凝土回彈儀測試、評估鋼筋鏽蝕與中性化程度。,立即除鏽、塗布防鏽劑、並以聚合物水泥砂漿修補，確保結構安全。,"https://www.sky-family.net/api/line/index.php?
corp=2019082302&key=4lReDDkl3%40iCNBB9",https://youtu.be/yddFy483ta8
共用部分 ,機電消防設備,電梯運行異常,電梯運行異音/異常振動、按鈕失靈。,乘坐動態測試，檢查鋼索張力、煞車間隙、門機系統。,立即要求電梯保養廠商進行緊急檢查及維修。,"https://www.sky-family.net/api/line/index.php?
corp=2019082302&key=4lReDDkl3%40iCNBB9",https://youtu.be/yddFy483ta8
共用部分 ,機電消防設備,消防系統異常,消防受信總機顯示異常或公共區消防設備故障。,消防設備師年度檢修申報，判讀總機故障代碼。,立即請合格消防設備師處理。,"https://www.sky-family.net/api/line/index.php?
corp=2019082302&key=4lReDDkl3%40iCNBB9",https://youtu.be/yddFy483ta8
共用部分 ,機電消防設備,緊急廣播失效,社區緊急廣播系統無法作用或聲音不清晰。,測試各樓層揚聲器輸出功率及語音清晰度。,立即維修，確保緊急情況下訊息能有效傳達。,"https://www.sky-family.net/api/line/index.php?
corp=2019082302&key=4lReDDkl3%40iCNBB9",https://youtu.be/yddFy483ta8
共用部分 ,機電消防設備,機械車位故障,機械車位升降平台故障或有異音。,查閱年度/季度保養紀錄，測試升降平穩度及安全裝置。,要求專業廠商緊急維修，確保操作安全。,"https://www.sky-family.net/api/line/index.php?
corp=2019082302&key=4lReDDkl3%40iCNBB9",https://youtu.be/yddFy483ta8
共用部分 ,公共管線/水務,公共排水幹管堵塞,公共排水幹管堵塞導致多戶受影響。,內視鏡攝影、檢查地下室管道間是否有污水溢出。,聯繫專業水刀車進行高壓疏通及清洗。,"https://www.sky-family.net/api/line/index.php?
corp=2019082302&key=4lReDDkl3%40iCNBB9",https://youtu.be/yddFy483ta8
共用部分 ,公共管線/水務,馬達噪音或故障,抽水馬達/加壓馬達噪音過大或無法啟動。,分貝計測量噪音值，檢查馬達電源、壓力桶、避震墊。,馬達增加避震墊，故障時立即備援或更換。,"https://www.sky-family.net/api/line/index.php?
corp=2019082302&key=4lReDDkl3%40iCNBB9",https://youtu.be/yddFy483ta8
共用部分 ,公共管線/水務,公共水質異常,公共用水水質異常、有異味或雜質。,定期進行水質檢測（餘氯、TDS），檢查水箱密閉性。,立即清洗公共水箱/水塔，並檢查進水管線。,"https://www.sky-family.net/api/line/index.php?
corp=2019082302&key=4lReDDkl3%40iCNBB9",https://youtu.be/yddFy483ta8
共用部分 ,公共環境與管理,垃圾場異味重,垃圾場或資源回收區異味重、清潔不徹底。,檢查排風系統運作狀況、清潔公司作業頻率。,要求清潔公司加強清潔與消毒，可增加除臭設備。,"https://www.sky-family.net/api/line/index.php?
corp=2019082302&key=4lReDDkl3%40iCNBB9",https://youtu.be/yddFy483ta8
共用部分 ,公共環境與管理,照明感應不良,樓梯間/走道公共照明感應不良或燈光過暗。,檢查感應器（PIR Sensor）靈敏度、燈具壽命。,調整感應器角度或靈敏度，更換節能 LED 燈具。,"https://www.sky-family.net/api/line/index.php?
corp=2019082302&key=4lReDDkl3%40iCNBB9",https://youtu.be/yddFy483ta8
共用部分 ,公共環境與管理,門禁系統故障,門禁系統刷卡感應不良或故障。,檢查門禁主機電源、連線狀態及讀卡機是否有水氣。,立即通知廠商更換損壞的讀卡機或調整系統。,"https://www.sky-family.net/api/line/index.php?
corp=2019082302&key=4lReDDkl3%40iCNBB9",https://youtu.be/yddFy483ta8
共用部分 ,公共環境與管理,警衛服務不佳,警衛服務態度不佳或巡邏不確實。,設計住戶滿意度問卷、查閱警衛巡邏紀錄。,與保全公司溝通，要求加強訓練、調整排班或汰換人員。,"https://www.sky-family.net/api/line/index.php?
corp=2019082302&key=4lReDDkl3%40iCNBB9",https://youtu.be/yddFy483ta8
共用部分 ,滲漏水與結構,樓上漏水糾紛,樓上滲水到樓下天花板或牆壁。,分區段試水測試，委託專業公正單位進行抓漏與鑑定。,優先協商調解，依鑑定結果由責任方負責修復。,"https://www.sky-family.net/api/line/index.php?
corp=2019082302&key=4lReDDkl3%40iCNBB9",https://youtu.be/yddFy483ta8
共用部分 ,滲漏水與結構,違建/重物影響結構,頂樓或露臺違規增建/放置重物影響結構。,請結構技師評估額外載重是否影響安全。,管委會通知限期改善或移除，必要時通報建管單位。,"https://www.sky-family.net/api/line/index.php?
corp=2019082302&key=4lReDDkl3%40iCNBB9",https://youtu.be/yddFy483ta8
共用部分 ,鄰里與安寧,鄰居噪音擾鄰,樓上或鄰居發出高分貝噪音或持續性聲響。,使用分貝計測量噪音值，錄影記錄吠叫/噪音時段。,管委會依規約勸導，勸導不聽可依《公寓大廈管理條例》報請主管機關裁罰。,"https://www.sky-family.net/api/line/index.php?
corp=2019082302&key=4lReDDkl3%40iCNBB9",https://youtu.be/yddFy483ta8
共用部分 ,鄰里與安寧,陽台吸菸菸味,鄰居在陽台或窗邊吸菸造成菸味飄散。,現場查訪，提供錄影或目擊證人佐證。,管委會依規約或會議決議勸導，或設立禁菸區。,"https://www.sky-family.net/api/line/index.php?
corp=2019082302&key=4lReDDkl3%40iCNBB9",https://youtu.be/yddFy483ta8
共用部分 ,鄰里與安寧,隱私侵犯,鄰居安裝監視器鏡頭對準自家大門或窗戶。,拍照或錄影存證，確認鏡頭拍攝範圍。,管委會協調調整鏡頭角度，若不成可循法律途徑主張隱私權。,"https://www.sky-family.net/api/line/index.php?
corp=2019082302&key=4lReDDkl3%40iCNBB9",https://youtu.be/yddFy483ta8
共用部分 ,法規與管理,公設佔用雜物,住戶佔用公共空間（梯間、走道）堆放雜物。,拍照記錄堆放位置、物品類型及佔用面積。,管委會發函限期移除，逾期未處理可視為廢棄物清運並收取費用。,"https://www.sky-family.net/api/line/index.php?
corp=2019082302&key=4lReDDkl3%40iCNBB9",https://youtu.be/yddFy483ta8
共用部分 ,法規與管理,裝潢施工爭議,裝潢工程施工噪音超時或違規運料。,確認社區規約對施工時段的限制，使用分貝計測量。,管委會要求施工廠商停止違規施工，可依規約對住戶進行罰款或暫停公設使用權。,"https://www.sky-family.net/api/line/index.php?
corp=2019082302&key=4lReDDkl3%40iCNBB9",https://youtu.be/yddFy483ta8